userAddress,totalTemplates,templateIds
0x30c3cf20566b4df0,"[""3715"",""3783""]",2
0x34cf8c3c560a9a13,"[""3716"",""3717"",""6021""]",3
0x6ecc8fcf6b329b65,"[""3718""]",1
0x376478a60b2b4e31,"[""3727"",""4029""]",2
0xb0d2b21b609c4f14,"[""3724"",""4020"",""4116"",""4156"",""4255"",""4320"",""4369"",""4416"",""4456"",""4498"",""4549"",""4579"",""4604"",""4620"",""4653"",""4669"",""4700"",""4705"",""4881"",""4901"",""4912"",""4932"",""4942"",""4954"",""5192"",""5194"",""5272"",""5286"",""5452"",""5455"",""5464"",""5466"",""5584"",""5586"",""5589"",""5622"",""5624"",""5703"",""5704"",""5706"",""5708"",""5715"",""5717"",""5748"",""5751"",""5752"",""5812"",""5814"",""5819"",""5820"",""5822"",""5823"",""5835"",""5836"",""5840"",""5896"",""5899"",""5900"",""5954"",""5961"",""5963"",""6106"",""6109"",""6110"",""6113"",""6115"",""6117"",""6118""]",68
0x160c9acf6be7cb7e,"[""3719""]",1
0x1fd69ad077dbf726,"[""3726""]",1
0xa2dcde8dc6835317,"[""3721""]",1
0xb48f609424ffc9c7,"[""3728"",""3906""]",2
0xf39f6613e608e9ba,"[""3722"",""4238""]",2
0x2674da46a64013e4,"[""3725"",""3899""]",2
0x4e458afbd7eb63b3,"[""3738""]",1
0x4615157713872714,"[""3720"",""3839"",""4307""]",3
0x14d84b056f0035e4,"[""3731"",""3855""]",2
0x9f32dec688ff56b4,"[""3732"",""3925""]",2
0x31668bffbf860598,"[""3729""]",1
0xd344af9ad12f54ab,"[""3735""]",1
0x6bd65e3e1e36ae90,"[""3723"",""3844"",""5342"",""5346""]",4
0x0e549d3614cc3f14,"[""3736"",""3845""]",2
0x0df85d6f2920d098,"[""3733"",""3835"",""3902""]",3
0xb2b26807f374f5e6,"[""3737"",""4041"",""4159"",""4188"",""4495"",""4528"",""4826"",""5086""]",8
0x241e982ccd659e28,"[""3739"",""3887""]",2
0x08f1bb89d731bc64,"[""3730"",""4056"",""4122"",""4228"",""4321"",""4350"",""4368"",""4419"",""4465"",""4509"",""4538"",""4574"",""4606"",""4614"",""4652"",""4678"",""4703"",""4708"",""4850"",""4856"",""4879"",""4930"",""5387"",""5577""]",24
0xc6967d8eb4f372c6,"[""3741"",""4219""]",2
0x0a494d8679df0922,"[""3755"",""3957"",""5140""]",3
0x3bca525d99430bfa,"[""3766""]",1
0x9d9500be5195c75b,"[""3742"",""4037"",""4218""]",3
0x4bff7b2e4cd5e5a4,"[""3769"",""3840"",""4158"",""4240"",""5580"",""5582"",""5585"",""5588"",""5591"",""5599"",""5600"",""5601"",""5602"",""5805"",""5806"",""5807"",""5808"",""5809""]",18
0xfc97fad01c0259bb,"[""3734"",""3970"",""4399"",""4633"",""4972"",""5529"",""5552"",""5908"",""5909"",""5910"",""6206"",""6207"",""6208"",""6209""]",14
0x2a8175d6a13b8295,"[""3740""]",1
0x5af4632e9d082a2c,"[""3745""]",1
0x163347bd4d43ec39,"[""3760""]",1
0x333dd7575fcfd509,"[""3758"",""3995"",""4125"",""4227"",""4325"",""4362"",""4378"",""4457"",""4508"",""4561""]",10
0x46c0468d806f28b0,"[""3761"",""3933""]",2
0x4cb0eecbe52ecd1f,"[""3750"",""4014"",""5152""]",3
0xcc153b4162968330,"[""3757"",""4031"",""4089""]",3
0xba330d634490574e,"[""3751"",""3994"",""4137"",""4232"",""4343"",""4525"",""5595"",""5597"",""5687"",""5700"",""5702"",""5756"",""5759""]",13
0x934820f767257131,"[""3765"",""4032""]",2
0x9b638a354be97c5c,"[""3768""]",1
0xc515d1907a2c4036,"[""3763"",""3997"",""4126"",""4251"",""4275"",""4453"",""4619"",""5477"",""5481"",""5484"",""5489"",""5495"",""5498""]",13
0x868834ce5c9fcec1,"[""3744"",""3922"",""5425""]",3
0x300dd4115728a37c,"[""3747"",""3834"",""3897""]",3
0x1035c0cba37750a3,"[""3764"",""3989"",""4097""]",3
0x6f5598ef06113bc7,"[""3743"",""4009"",""4078""]",3
0x2f02f1714c1904b6,"[""3762"",""4034"",""4109"",""6121"",""6122"",""6126"",""6128"",""6129""]",8
0xa026bd2cb0c0dd88,"[""3771"",""3935""]",2
0x801aa54df240b1f8,"[""3746"",""4059"",""4134"",""4215"",""4299"",""4347"",""5858"",""5862"",""5865"",""5868"",""5871"",""5875"",""6076"",""6078"",""6080"",""6083"",""6085"",""6088"",""6089"",""6175"",""6179"",""6181"",""6183"",""6186""]",24
0xb2f3226841ee7a64,"[""3767"",""3943"",""5150"",""5522"",""6214""]",5
0xb2cab66dfb2814ad,"[""3759"",""3958""]",2
0x2f79de32cc60ba2c,"[""3773"",""3854""]",2
0x104af06fb7166c1e,"[""3770"",""3998"",""4068"",""4242"",""5349"",""5351""]",6
0x1be2726ddb495a72,"[""3748""]",1
0xb8bfa915ebb7a4d8,"[""3772""]",1
0x2f9e1c79c078a13f,"[""3752"",""4003"",""4428"",""4480""]",4
0xfe6785d91cc0e9eb,"[""3754""]",1
0x8a35fa8128740979,"[""3778"",""4010"",""4065"",""5137"",""5173"",""5621"",""5625""]",7
0x4f48c93e10b966ec,"[""3782"",""3988"",""4410""]",3
0xcd3b0c6c37170989,"[""3779"",""3896"",""4236""]",3
0xdfce0a2ac4e9f7a5,"[""3781"",""4052""]",2
0x2bae4724bf2bc56a,"[""3780""]",1
0x3c39d8852bf07de6,"[""3776"",""3983"",""4177"",""4724"",""4786"",""4977""]",6
0x868834ce5c9fcec1,"[""3777""]",1
0x2f7ed08af10958ba,"[""3775""]",1
0x808f8de21268e042,"[""3785""]",1
0x949eda3f0b5c3364,"[""3784"",""3982"",""4093"",""4165"",""4358"",""6213""]",6
0x9798584f69ca9004,"[""3786"",""3976"",""4088"",""4180""]",4
0xfbd77467e959d8c4,"[""3787"",""4013"",""4174""]",3
0x51f3706c2f93e41d,"[""3788"",""4046"",""4124"",""4237"",""4279"",""5036"",""5048"",""5842"",""5845"",""5852"",""5855"",""5856""]",12
0x80c33325bab1f25e,"[""3789"",""3919""]",2
0xdc848196cc28ab32,"[""3790"",""4049"",""4166""]",3
0x55e54b7fcaf5852d,"[""3793""]",1
0xc76dfe1f95c7307b,"[""3791""]",1
0xf9721298950aaffa,"[""3792"",""4142"",""4326""]",3
0xca1d57a1b387d09d,"[""3796"",""4050""]",2
0xe295eb7e16c607cd,"[""3798""]",1
0x9e7e4110e74a4e77,"[""3800"",""3985"",""4578""]",3
0xf9cd45e648fe517f,"[""3753"",""3944"",""5019""]",3
0xba547f5fee7c4ca7,"[""3795"",""3852"",""4527""]",3
0x49fef91edbda149a,"[""3794""]",1
0x8427114b497f3904,"[""3799""]",1
0x74fa3a52f091cbfb,"[""3774"",""4139""]",2
0x9adf2aca7158d685,"[""3802"",""4015"",""4091"",""4221"",""4296"",""5191""]",6
0xed1584a37edda888,"[""3803"",""3966"",""4305""]",3
0x535eaf812ea844ad,"[""3804"",""5402""]",2
0xd819343c1aa63823,"[""3805"",""4054"",""4626"",""4648"",""4659"",""5395"",""5399"",""5405"",""5411""]",9
0x3877fa2d36a64bf4,"[""3806"",""4148"",""4268"",""4494""]",4
0x5d50d6ab4bfe54d4,"[""3807"",""3860"",""4329"",""6114""]",4
0xabf539b578fd4634,"[""3756""]",1
0x607e3db4e5cb21fb,"[""3809"",""3960""]",2
0x6a8f433d5f861043,"[""3810""]",1
0x08145e97750bee9a,"[""3811""]",1
0x025cbac9009c61d8,"[""3812"",""4004"",""4133"",""4222"",""4264"",""4409"",""4438""]",7
0x6d3af397a507ca8a,"[""3814""]",1
0x2b6df76fbb19084c,"[""3813"",""3980""]",2
0xe00ff3946a715f17,"[""3815""]",1
0xca888b1496355b0f,"[""3816"",""3987"",""4647"",""4656""]",4
0x0f2dd066099b23d7,"[""3817""]",1
0x880eb16591395583,"[""3818"",""3918""]",2
0x2093ed89335ca2bc,"[""3820""]",1
0x9821452feabc104f,"[""3819"",""3911"",""5623""]",3
0x1a50305594c3f544,"[""3821"",""4057""]",2
0xb5fcc3b8fa4c4f44,"[""3822"",""3942""]",2
0x6ecc8fcf6b329b65,"[""3823""]",1
0x90fe6c44212c25bc,"[""3824"",""4008"",""4111"",""4351""]",4
0x29e360df05aa8085,"[""3749"",""3955"",""4256"",""4276"",""5308"",""5312""]",6
0x2610d522f62d3292,"[""3827"",""3969"",""4071"",""4317"",""4353""]",5
0xd00468c38abc1cb8,"[""3826"",""4030"",""4314"",""4448"",""4621""]",5
0x4f48c93e10b966ec,"[""3829""]",1
0x6106372b59979620,"[""3830""]",1
0x1be2726ddb495a72,"[""3828""]",1
0xa2dcde8dc6835317,"[""3831""]",1
0x2674da46a64013e4,"[""3832""]",1
0x29e360df05aa8085,"[""3833""]",1
0xbda5767a49dc54cf,"[""3797"",""3999"",""4069"",""4489"",""5240"",""5828"",""5830"",""5831""]",8
0x9b7e700cba5b9aad,"[""3801"",""4053""]",2
0xbacc6d398c298393,"[""3836"",""3961""]",2
0xaa48553b0c920d81,"[""3808""]",1
0xeae6eef2b642360e,"[""3825"",""3991""]",2
0xc9a98c7c5f2bd8d6,"[""3837"",""4563"",""4728""]",3
0x54317e5b3f7a2b4e,"[""3838""]",1
0x2646339c8e8eb835,"[""3842"",""4083""]",2
0x092e4d283826d02c,"[""3847"",""4108""]",2
0xc5c99c3e4f8bdb9e,"[""3851"",""4094"",""5099""]",3
0xa30c76a102dfdfff,"[""3850""]",1
0x78238c7202b0d1d6,"[""3849""]",1
0xab14eb6adc3203c0,"[""3853""]",1
0x058efb4e43cc8633,"[""3856""]",1
0x18222a5572ca7f76,"[""3857"",""5432"",""5434""]",3
0x20d0c46db5817c2a,"[""3863"",""4539""]",2
0x1316aa49d2399076,"[""3866"",""4105"",""4630"",""4707""]",4
0x0a51599d927e7a9a,"[""3865"",""4583"",""5022""]",3
0x270f56fb449e070d,"[""3872"",""6070""]",2
0x9a3062464ceafe02,"[""3869"",""4152"",""4170"",""4323"",""4371"",""4413"",""4463"",""4501"",""4551"",""4575"",""4754"",""4771"",""4790"",""4803"",""4884"",""4898"",""4920"",""4927"",""5007"",""5020"",""5029"",""5102"",""5110"",""5121"",""5124"",""5169""]",26
0x3be7943f5b78abb8,"[""3870"",""4596"",""5256"",""5260""]",4
0x704a68ed3cd7875d,"[""3874""]",1
0x92a595bacca254d3,"[""3876"",""4173""]",2
0xfebedd2f97777ea7,"[""3878"",""4072"",""4310"",""4432""]",4
0x954931242212af3b,"[""3877""]",1
0x1f9e1b79251f9e8f,"[""3880""]",1
0x5b1845c067635096,"[""3881"",""4190"",""5037""]",3
0xd7d5314a2a83713a,"[""3889"",""5679"",""5680""]",3
0x33adde458b3c948d,"[""3885""]",1
0x92a2389a8cf3691c,"[""3886""]",1
0x80d9294c80510cbb,"[""3891""]",1
0x6f5eb2b22cbbfbae,"[""3910"",""4092"",""5656""]",3
0x1a121b5e9f861e54,"[""3914"",""4154""]",2
0x8c754ed4c46cf3ee,"[""3916"",""6140""]",2
0xdabebdc67b6eacbd,"[""3923""]",1
0xacf2ba847431c4a5,"[""3927"",""4511""]",2
0xa30c76a102dfdfff,"[""3926""]",1
0xdefd71cb14a2f061,"[""3928""]",1
0x200edfacd324fbd1,"[""3930"",""4607""]",2
0x456ffa72f1f47bc4,"[""3929"",""4145"",""5352"",""5355"",""5357"",""5359""]",6
0x628da03714930408,"[""3936"",""4149"",""4798""]",3
0x3be7943f5b78abb8,"[""3939""]",1
0x9a3062464ceafe02,"[""3937""]",1
0x934ce41c624344d3,"[""3940""]",1
0xdb1cb281837998dd,"[""3941"",""4290""]",2
0x38bb200e93147aa8,"[""3945""]",1
0x3f9d2c41af26a6cd,"[""3947""]",1
0x6ebf6f94ad0a5f0f,"[""3948""]",1
0xeea795181d2ecf86,"[""3950"",""4066"",""4507"",""4717"",""5500""]",5
0xc9a98c7c5f2bd8d6,"[""3951""]",1
0x953f8637b0a001eb,"[""3953""]",1
0x35a82af548e6d76a,"[""3954""]",1
0x62d29fed185ff36b,"[""3956""]",1
0xeb21e59082c62bbc,"[""3898"",""4293""]",2
0x29a1779e78cc1bf0,"[""3971"",""4157"",""4235""]",3
0xacf2ba847431c4a5,"[""3973""]",1
0x92a595bacca254d3,"[""3975""]",1
0xd1d32fdfe42bcbc1,"[""3974""]",1
0x9a3062464ceafe02,"[""3977""]",1
0x456ffa72f1f47bc4,"[""3978""]",1
0x3be7943f5b78abb8,"[""3984""]",1
0x38bb200e93147aa8,"[""3990""]",1
0x5e6ce49a06e26371,"[""3992"",""4096"",""4593""]",3
0x54317e5b3f7a2b4e,"[""3996""]",1
0x371e940bff6d85b8,"[""3858"",""4064""]",2
0xea48a75099ee1d8d,"[""4006"",""4128""]",2
0xaa0e69786f270809,"[""4007""]",1
0x7f58143cb5b00189,"[""4016""]",1
0xf7301beb9bc37975,"[""4017"",""4319""]",2
0xd7f00c2a7f4a60a8,"[""4018"",""4938""]",2
0x4e68966b3258f253,"[""4039"",""4129"",""4209"",""4282""]",4
0x46c6766f1dc5583f,"[""4021""]",1
0x1286ac5d78cce75d,"[""4024"",""4178""]",2
0x6f5eb2b22cbbfbae,"[""4025""]",1
0xc9a98c7c5f2bd8d6,"[""4027""]",1
0x1a121b5e9f861e54,"[""4028""]",1
0x92a595bacca254d3,"[""4026""]",1
0x3b4c653c3beb419e,"[""4033""]",1
0x3be7943f5b78abb8,"[""4035""]",1
0xdabebdc67b6eacbd,"[""4036""]",1
0x0a844126a112f9b8,"[""4038"",""4146"",""5082"",""5369"",""5372"",""5709"",""5712"",""6216""]",8
0x0d6802fea8ffc5f0,"[""4040""]",1
0x1f9e1b79251f9e8f,"[""4042""]",1
0x1316aa49d2399076,"[""4044""]",1
0x943bdaa73c33c125,"[""4043""]",1
0x20d0c46db5817c2a,"[""4045""]",1
0x29a1779e78cc1bf0,"[""4048""]",1
0x456ffa72f1f47bc4,"[""4047""]",1
0xef2792fd3db38047,"[""4051""]",1
0x9a3062464ceafe02,"[""4058""]",1
0xdfbc963b4888c788,"[""3979""]",1
0xaa974b2521a6473c,"[""4060""]",1
0x455f5e345417bd71,"[""4067"",""4398""]",2
0xf1a60d92376e046d,"[""4075"",""4646""]",2
0x86f3cee0c18fd586,"[""4077""]",1
0x515b082d701bee8c,"[""4082"",""4182"",""4342""]",3
0xd3bad9bc2bb88742,"[""4081"",""4205""]",2
0x98eb0ab8df63f062,"[""4084""]",1
0x4ddf0da5bfd8e17f,"[""4087"",""4518""]",2
0x8c243ecf17cc1bd9,"[""4095""]",1
0x65ab1cbc775e1abc,"[""4098""]",1
0x212a7f971ff105d3,"[""4099""]",1
0x42521d6e225599d0,"[""4100"",""4373"",""4550""]",3
0x984fdb6c0802ecdf,"[""4102""]",1
0xcd518567bd591b81,"[""4104""]",1
0xe86d443c240c270e,"[""4107""]",1
0xc656ab6e946ff448,"[""4112""]",1
0xdd0c486a477acf9e,"[""4113""]",1
0xe3a6f20642129fc5,"[""4114""]",1
0xb68af3ddf0877f3c,"[""4115""]",1
0x1838b22cb699f6c5,"[""4117""]",1
0x7d8c8879612c0d32,"[""4118"",""4322""]",2
0xd78d4b69bba2e849,"[""4119""]",1
0xd3bad9bc2bb88742,"[""4120""]",1
0x9af334b5197372e3,"[""4123"",""4622""]",2
0xa4a0d1fe73e91295,"[""4127"",""4246"",""4374"",""4431"",""6130"",""6131""]",6
0x515b082d701bee8c,"[""4130""]",1
0x2c3d900f42ee35fc,"[""4132"",""4517"",""4573"",""4769""]",4
0x89c5c9600adc6fbf,"[""4135""]",1
0x49264a20b6bf63e8,"[""4136""]",1
0xce780067b905c773,"[""4140""]",1
0x42521d6e225599d0,"[""4138""]",1
0xc282f74bbeb21fff,"[""4141"",""4169""]",2
0x79e21dc4c7c05e90,"[""4143"",""6159""]",2
0x74e2fa25ebd74c03,"[""4144"",""4592""]",2
0xf2e50166e2041d6d,"[""4147""]",1
0x7ee99506882b9313,"[""4151"",""4192""]",2
0xdecd98fd3a42130f,"[""4153"",""4195"",""4269"",""4506""]",4
0x599f2d53b34522ae,"[""4155"",""5218""]",2
0x17c45f6d45d20d2f,"[""4160"",""4291"",""4407""]",3
0xa3375442913745ff,"[""4161""]",1
0xbe49e361be9ad92d,"[""4167""]",1
0x5c616a964fbbf267,"[""4175""]",1
0x78c7f361e000e152,"[""4176"",""5511""]",2
0xe90b08c36ac40c2e,"[""4179""]",1
0xc4e3e277db3e87ec,"[""4183"",""5224""]",2
0x297368cc3cd7909c,"[""4185"",""4421"",""4496"",""4530""]",4
0xbe7556266bff7020,"[""4184""]",1
0x29d1a872f59754a1,"[""4186""]",1
0x73c4940c0802d850,"[""4187""]",1
0x3026559ade1e8f52,"[""4191""]",1
0x3526c61f13b9d54c,"[""4201"",""4780"",""4828"",""6068"",""6071"",""6092""]",6
0x2df25b1551b2113b,"[""4202""]",1
0x2c02daffc8c106c2,"[""4203"",""4324"",""4627""]",3
0xd9c1ea9d8d5ae632,"[""4204""]",1
0xb1c41b8ca5d325a7,"[""4206"",""4303""]",2
0x560f769b3673f846,"[""4208""]",1
0x63ef8d7552fabb34,"[""4207""]",1
0xac2c95a0985f5f84,"[""4210"",""4376""]",2
0x42e232daca1000c0,"[""4211""]",1
0x83029ad89d39c034,"[""4212"",""5189""]",2
0x0c7a2c6c34ba7a98,"[""4213"",""4285"",""4340"",""4451"",""4841""]",5
0x27acb3ecf332201e,"[""4214"",""4286""]",2
0x276b1b8ffe694025,"[""4223"",""4360""]",2
0x9890fef7ce64f93d,"[""4224""]",1
0x4c3d9ef1d3524ca1,"[""4225"",""4617""]",2
0x367cd5b1b18cb750,"[""4229"",""4334""]",2
0x9080d4b0ba8e376e,"[""4230"",""4768"",""4781"",""6012""]",4
0xb47b2b6d701a5b14,"[""4231""]",1
0xca8b40b918cc0a1c,"[""4233"",""5170"",""5939""]",3
0x861f71745f9f0b8d,"[""4234""]",1
0xc4e3e277db3e87ec,"[""4241""]",1
0x744f42511726efab,"[""4243"",""4389""]",2
0xaa49b0926657ffa7,"[""4244"",""4316"",""4352"",""4386"",""4425"",""4562"",""4602"",""4624"",""4666""]",9
0x6721e42f1623c38b,"[""4245"",""4300""]",2
0xbb62cbebfcd7a1df,"[""4248"",""4348"",""4466"",""4840"",""4865""]",5
0x27acb3ecf332201e,"[""4247""]",1
0x7b7e45086d0ba51c,"[""4249"",""4289"",""4364"",""4636""]",4
0xce0867e09749264c,"[""4250"",""4552"",""4784""]",3
0x2b169d0c17f32848,"[""4252""]",1
0xd9c5a3061716e703,"[""4253""]",1
0x3644ef5cc10ba739,"[""4254""]",1
0x9890fef7ce64f93d,"[""4257""]",1
0x0fd758d0abce1ce4,"[""4197""]",1
0xce0867e09749264c,"[""4168""]",1
0x59d6935ef7b45f79,"[""4259"",""4623""]",2
0x17db00eebf89029f,"[""4262"",""6044""]",2
0x5b9d50d47b0049a3,"[""4263""]",1
0x1857fb129fae4df4,"[""4265""]",1
0xd029d10562c82ca6,"[""4266""]",1
0x38519b62411d1f0c,"[""4267""]",1
0x57edd6e54d436678,"[""4277"",""4298"",""4827"",""4839""]",4
0x4c0c256555f9b002,"[""4278""]",1
0xe87af21fdd940281,"[""4283""]",1
0x5b2e54446790693a,"[""4287""]",1
0x01a7e8cbf3629c0b,"[""4288"",""4354"",""4404"",""4422"",""4616"",""4639"",""4672"",""4785"",""5046"",""5050""]",10
0xc05150523002bc95,"[""4294""]",1
0xe5c8c88df1f5b2c8,"[""4295""]",1
0xaf4455501478988b,"[""4301"",""4331"",""4388"",""4567"",""4941""]",5
0x09c3bbedd05260dd,"[""4304"",""5130""]",2
0x720f8f91faf62c3d,"[""4306""]",1
0x1857fb129fae4df4,"[""4308""]",1
0x4780dcc920ea6d79,"[""4309""]",1
0x09a3719c33aff22e,"[""4311"",""4330"",""4468"",""4515"",""6054""]",5
0x6604bab135646962,"[""4312""]",1
0x01a7e8cbf3629c0b,"[""4315""]",1
0x3c43b0f651fabf9e,"[""4318"",""4726"",""5524"",""5920""]",4
0xa2e05fd0c255313a,"[""4297""]",1
0xd81e58e2f8289283,"[""4327"",""4544"",""4605"",""4611"",""4793"",""5131"",""5185"",""5208"",""5444"",""5450"",""5457"",""5617"",""5619"",""5626"",""5646"",""5647"",""5693"",""5780""]",18
0xbb1331ae0f600da0,"[""4335""]",1
0x145625009194976e,"[""4338""]",1
0xf30e50a524cebc40,"[""4339"",""4441"",""4471""]",3
0x1b9a97823847e466,"[""4344"",""4408""]",2
0xfce054dfdd07b3da,"[""4346""]",1
0x3470c14fe32793c6,"[""4355"",""4412"",""4446""]",3
0x54d63e00cdd1470b,"[""4356"",""4403""]",2
0x5b6cd5865bf3b7ab,"[""4359"",""4586"",""5768""]",3
0xd143bed0a6b20a43,"[""4361"",""4382"",""4478""]",3
0x874156d5f2f59ce8,"[""4363""]",1
0x6d2a57cf79d08464,"[""4365""]",1
0x0cfa88882df848d0,"[""4366"",""4481"",""4743"",""4965""]",4
0xd48926e39fd77f73,"[""4367""]",1
0xaaf6130925410cf0,"[""4372""]",1
0x5bf8f6682725eeb5,"[""4375""]",1
0x16a5be4d1033cc3a,"[""4370""]",1
0x204e9e7da638ab0d,"[""4377""]",1
0xee1275f9378bbc2a,"[""4379""]",1
0xdc7eaa47483d9ca2,"[""4380""]",1
0xddbf42648c852ae5,"[""4381"",""4424""]",2
0x4fd9538f95a67830,"[""4387"",""4420""]",2
0x4d850930b46e2688,"[""4391"",""4435"",""5533"",""5536"",""5754"",""5764""]",6
0xe8e94655e7cf6892,"[""4393"",""4440"",""4546"",""4813"",""4883""]",5
0x9e5e2ac650ffb338,"[""4394"",""4445""]",2
0x82ee52de9169400c,"[""4397""]",1
0x4e8d7bda6c8acc12,"[""4400""]",1
0x8357b7cb6b631b80,"[""4402""]",1
0xe45ada19b9e06814,"[""4411""]",1
0x376705fef1aa74ae,"[""4414"",""4625""]",2
0xee1275f9378bbc2a,"[""4415""]",1
0x331fdff58745aea8,"[""4417"",""4462""]",2
0x19a3260e95d1efe9,"[""4418"",""5739""]",2
0x97ed24f175816fc7,"[""4423""]",1
0x7f2fa96f5672f660,"[""4434""]",1
0x73fed057e21296bd,"[""4436"",""4565"",""5964""]",3
0x89d5e67962a6bcdf,"[""4437"",""4488"",""4516"",""5117""]",4
0x9d48df4d832885cc,"[""4443"",""5266""]",2
0x544c74972be9518e,"[""4444""]",1
0x13fe5c46d6654f4c,"[""4447"",""4492"",""4589""]",3
0xcf10308c6463171d,"[""4452""]",1
0x89d5e67962a6bcdf,"[""4454""]",1
0xf4faefbf1b3ea06f,"[""4455""]",1
0xb0a1cba386388d1f,"[""4458"",""4497""]",2
0x9b8a778488337c38,"[""4459""]",1
0xbc4c09bd6b2a56d7,"[""4460""]",1
0x878e9337295908e7,"[""4461""]",1
0x89d5e67962a6bcdf,"[""4464""]",1
0x1ad7386f7b267ca4,"[""4467""]",1
0x3e6aef626db127e4,"[""4469""]",1
0xede2df046ec70b77,"[""4473""]",1
0x6bab17e30db1e393,"[""4476"",""4537"",""5097"",""5109"",""5127"",""5631"",""5633"",""5634"",""5641"",""5644"",""5645"",""5651"",""6099"",""6101"",""6102""]",15
0x7d3ef15d81135f8b,"[""4477""]",1
0x55a59d2c1362c188,"[""4479"",""5113""]",2
0xfb278c81350554ec,"[""4485"",""4679"",""4723""]",3
0x7d3ef15d81135f8b,"[""4486""]",1
0xed1960467d379b7f,"[""4487"",""4632""]",2
0x6bab17e30db1e393,"[""4490""]",1
0x98e563c1458dbff9,"[""4491""]",1
0xe23fc451f7c24092,"[""4499""]",1
0x9c4997845c25187b,"[""4500"",""4676""]",2
0xed1960467d379b7f,"[""4502""]",1
0x3e6aef626db127e4,"[""4503""]",1
0xc4e0e9251a96100d,"[""4504"",""4519"",""4677""]",3
0x1ad7386f7b267ca4,"[""4505""]",1
0xdd287eb4d5350152,"[""4521"",""5414""]",2
0x00d6dc76dc0c91b4,"[""4522"",""4591"",""4817"",""5160""]",4
0xdd287eb4d5350152,"[""4529""]",1
0x1ceeb866cf460121,"[""4531""]",1
0x61d28f192cad79ba,"[""4532"",""4569""]",2
0xf51e1dba793bd112,"[""4533""]",1
0xec316776ee64b6b3,"[""4540"",""4662"",""4698"",""4921"",""5770"",""5918"",""5919"",""5923"",""6019"",""6146"",""6153""]",11
0xb3fc0c473eec3c37,"[""4541""]",1
0xdd287eb4d5350152,"[""4542""]",1
0x509b8078bda4f281,"[""4543""]",1
0x9cae6fb40d99da50,"[""4545"",""4595"",""4641"",""4667""]",4
0x46fc505228325ee4,"[""4547"",""5463""]",2
0x61624125534a59ad,"[""4548""]",1
0x1ceeb866cf460121,"[""4553""]",1
0x9127155c368f6fd5,"[""4554"",""4650""]",2
0xb0fe08ccb386cceb,"[""4556""]",1
0xe30b85ed902bb91a,"[""4557"",""4681"",""4783"",""4819""]",4
0xadc55d93235f678d,"[""4558""]",1
0xc3e8e85a311eeac3,"[""4560""]",1
0xe420f17bc4fe9daf,"[""4566""]",1
0x087df2d987875703,"[""4570""]",1
0x4218b23ccfd584b6,"[""4571"",""5155""]",2
0xc93951027b3f6d12,"[""4576""]",1
0xdcdc9ee344e782b7,"[""4577""]",1
0x4b3d12865401aac1,"[""4582""]",1
0xc617777d3c88e9d4,"[""4580""]",1
0x3e90ca2d3ecbd596,"[""4581"",""5067"",""5079"",""5087"",""5126"",""5135"",""5211"",""5221""]",8
0x445533c0c029a32a,"[""4584"",""5885""]",2
0x82939772f04a6841,"[""4585""]",1
0x10e6ad4d7a5aea6a,"[""4587""]",1
0x3d9c4ff9af8beef4,"[""4594""]",1
0x17afdcd9e59491e4,"[""4597""]",1
0x6a61dccca9bd7f65,"[""4598""]",1
0xab3d851b13e71bb4,"[""4601"",""4612"",""5193"",""5201""]",4
0xf5dbbb54fe59eb8e,"[""4603"",""4673"",""4936""]",3
0x9a5a93d92ae28496,"[""4609""]",1
0xdfb95991d110face,"[""4608""]",1
0x9ef88d0be1e19dbe,"[""4618""]",1
0x970adcc1243dadec,"[""4628"",""5167"",""5762""]",3
0x92c1050c97d4da99,"[""4635"",""4885""]",2
0x6ac06eb5a09d15b8,"[""4642""]",1
0xa1158c7276f9d0ad,"[""4643""]",1
0x53b5892f215a6c49,"[""4645"",""4663"",""4690"",""4948""]",4
0x173062617166e578,"[""4649""]",1
0x92c1050c97d4da99,"[""4651""]",1
0x07ff7430d980b2bb,"[""4654""]",1
0x42beb696588ba293,"[""4657""]",1
0xd38e3dcf05717de4,"[""4658"",""4789"",""4835"",""4844"",""4950"",""5190"",""5379"",""5381"",""5392"",""5453"",""5958"",""5959""]",12
0x7c274df994eb8ee4,"[""4665""]",1
0x8e82051ea4637810,"[""4668""]",1
0xd97647e02ad2f8fa,"[""4671""]",1
0xb495c296bd08994c,"[""4674"",""4748""]",2
0x418243689ccfab04,"[""4675"",""4699"",""4727""]",3
0xafafd0993dcab8cc,"[""4682""]",1
0x3c504eb084d81d47,"[""4685""]",1
0xd8bd67f8337453c8,"[""4688"",""5436""]",2
0x9f37fe7a51aa1717,"[""4687"",""4753"",""4763""]",3
0x52f91707f819f2ed,"[""4689"",""4725"",""4746""]",3
0xd9e37a22c3ba1d95,"[""4693"",""5075""]",2
0xd8bd67f8337453c8,"[""4694""]",1
0xacfc77aa0e967b5d,"[""4697"",""4775"",""4837"",""4852"",""5213"",""5229"",""5317"",""5318"",""5327"",""5333"",""5486""]",11
0x5b714347a2c9dc8e,"[""4696""]",1
0x52f91707f819f2ed,"[""4702""]",1
0x9f37fe7a51aa1717,"[""4701""]",1
0xd8bd67f8337453c8,"[""4704""]",1
0xa96b7da99746ab0a,"[""4706""]",1
0x1596e1db61de28df,"[""4709"",""5603"",""6148"",""6149""]",4
0x5be9cef3cb87bc86,"[""4711"",""5144"",""5151""]",3
0x4c076ca01642be3a,"[""4712"",""4732"",""4759""]",3
0x242b453585660e57,"[""4713"",""4749"",""4764"",""4849"",""4864""]",5
0x9172f72fb565e6ec,"[""4714"",""4810"",""4872"",""5093"",""5204"",""5334"",""5676"",""5677""]",8
0xf4fbde85da6471f3,"[""4715"",""4750"",""5993"",""5996"",""5998"",""6002"",""6046"",""6133"",""6136"",""6138"",""6145""]",11
0xd4c41feb822cd77f,"[""4718"",""4747""]",2
0xd951d90b5f75a974,"[""4719"",""4811""]",2
0x5be9cef3cb87bc86,"[""4720""]",1
0x242b453585660e57,"[""4721""]",1
0xe28cf314a7908411,"[""4730""]",1
0x462ac76554ba43d6,"[""4733"",""4863""]",2
0x39dc05d69ec5111a,"[""4734""]",1
0x0614b38f05378188,"[""4737""]",1
0xc5dc677e6046448f,"[""4736"",""4862"",""5096"",""5539""]",4
0x70e09cce4cad77c7,"[""4738"",""4801"",""5158"",""5471""]",4
0x4b9f50d7388ace50,"[""4739"",""4802""]",2
0x26c64314672b7e3d,"[""4741"",""4773""]",2
0x409eae4aad426e76,"[""4742"",""4845"",""4867"",""4994""]",4
0x85f6f036fb47db16,"[""4744""]",1
0x1aa49445db93cc88,"[""4751""]",1
0x68d1759670e88b90,"[""4752"",""4774"",""4799"",""4816"",""4830"",""4842""]",6
0xef7e5d3ae384c159,"[""4756"",""5419""]",2
0xcc45b401e852b98b,"[""4755""]",1
0xcab2965313e8d571,"[""4758""]",1
0xc6bc24e7ccad8d36,"[""4761""]",1
0xc8866582d04528ec,"[""4766""]",1
0x4f0210999d68010e,"[""4770"",""4788"",""4805"",""5004"",""6047""]",5
0x85cad2f382a96662,"[""4772""]",1
0x20e7749e45d2af59,"[""4777""]",1
0x1c27d5844452b25d,"[""4778""]",1
0xee8df13afedd118e,"[""4779""]",1
0xdda0b62fac764149,"[""4787"",""4815"",""4825"",""4838"",""4847"",""4878"",""4886""]",7
0x514867d82235f171,"[""4791""]",1
0x0b8624faa14d74db,"[""4792"",""4818"",""4833""]",3
0xc88c510c3429830e,"[""4795""]",1
0x514867d82235f171,"[""4794""]",1
0x21c6f4e60b2ac702,"[""4796"",""5421""]",2
0xde75b6cf57002405,"[""4800"",""5673"",""5948""]",3
0x551a48bd6b5d9fa1,"[""4806""]",1
0x83c181a418dbbef4,"[""4804"",""4836"",""6127""]",3
0x8c3279d63b27fec2,"[""4807""]",1
0x83c181a418dbbef4,"[""4809""]",1
0x4edebc267b8a8171,"[""4812""]",1
0xd2cf76381e82012b,"[""4814""]",1
0x487c7d06ee54352f,"[""4823"",""4831"",""5769""]",3
0xaa46d3ab8dc9e905,"[""4824"",""6215""]",2
0xeb7dfff0adb0a0b4,"[""4829"",""4946"",""4976"",""5147""]",4
0x83b48aee894f6a2e,"[""4832"",""5314""]",2
0xc1f28038a40c7411,"[""4843""]",1
0x70371a4a9f7a42fb,"[""4848""]",1
0x2a47af9e6a2e04f1,"[""4851"",""4882""]",2
0x2d23c39bfdddbf02,"[""4853"",""4874""]",2
0x8e5e494e273265df,"[""4857""]",1
0xe791f16055044dea,"[""4858""]",1
0x5bc27dace3fd252f,"[""4859"",""4875"",""4897"",""4911""]",4
0x2d23c39bfdddbf02,"[""4860""]",1
0x433164bfe7f0907c,"[""4868""]",1
0xafdd77f201810044,"[""4866""]",1
0x0b1e7a12feed1853,"[""4871""]",1
0xa1d8de015c88cf9e,"[""4873""]",1
0x8ea7eced5a354a38,"[""4877"",""5397"",""5433""]",3
0x41dc8c89a8fecd6e,"[""4880"",""4899"",""4919"",""4923"",""4958"",""4969"",""4986"",""4991""]",8
0x2bfaf6f479040203,"[""4888"",""5090""]",2
0x734cea9d5e41243d,"[""4890"",""5468""]",2
0x666d7a07cf605d2f,"[""4892"",""5358"",""5707""]",3
0x2c20d2a24b33aa99,"[""4896"",""4959""]",2
0x2c622b0bc06ecb6e,"[""4900"",""5765"",""5901""]",3
0xb407de05669524a2,"[""4902""]",1
0x5f868b0360eb5045,"[""4905"",""4934""]",2
0x0270443f129b2d24,"[""4906""]",1
0x38b94385a7532bbc,"[""4907"",""4963""]",2
0xb18d0986a6fb1356,"[""4910""]",1
0x1a45688dc636b50c,"[""4914"",""4928"",""4935""]",3
0xa687079aaf602dee,"[""4915""]",1
0xf0fe15b16637a002,"[""4916""]",1
0xd27d42932ec6a1b3,"[""4918"",""4929"",""4944"",""4955"",""5010"",""5030"",""5041"",""5051"",""5058"",""5133"",""5138"",""5146"",""5165"",""5171"",""5181"",""5188"",""5196"",""5199"",""5237"",""5247""]",20
0xab3f06e606f475c0,"[""4922""]",1
0xeab9bbe19981e5e4,"[""4924"",""4953""]",2
0x6329c9ee7f7ac3f1,"[""4926"",""4939""]",2
0xfecf1cef8f928d87,"[""4931"",""5120""]",2
0xe624e502fedc46be,"[""4933""]",1
0x58e680758f46010d,"[""4937"",""4984""]",2
0x69de5426350b59bc,"[""4940""]",1
0x5f7f15daadc6f707,"[""4943""]",1
0x25c28d063e66365e,"[""4947"",""4951""]",2
0x0829798d47749ea8,"[""4945""]",1
0xfb313f82dc746bdf,"[""4949""]",1
0xc9ed4b56c5cbdbb6,"[""4956""]",1
0xc5377bab3210b553,"[""4957""]",1
0x6e434772f877fc0a,"[""4962""]",1
0xd9ceb3206018fe52,"[""4964""]",1
0x0a0eae172d0b27b4,"[""4968"",""5172""]",2
0x6e434772f877fc0a,"[""4967""]",1
0x28e05f0e51567e94,"[""4970""]",1
0xcc04489b2eb05d85,"[""4973""]",1
0x8b9a5712c4742391,"[""4974""]",1
0xedd41243623baa24,"[""4978""]",1
0x96ab6040e5ed77f9,"[""4979"",""5456""]",2
0xa635a4b333af990f,"[""4981"",""5006"",""5021"",""5091"",""5139""]",5
0x831c1db9960a1c5a,"[""4982"",""4995"",""5005"",""5018"",""5038"",""5071"",""5231"",""5628"",""5629"",""5636"",""5642"",""5797"",""5849"",""5850"",""5851"",""5894"",""5906"",""5907"",""6094"",""6095"",""6096""]",21
0xb7ffae8d70d85dda,"[""4983""]",1
0xf62f34ca35d1d036,"[""4985"",""4997"",""5003"",""5014"",""5044"",""5057"",""5162"",""5245"",""5326"",""5330"",""5406"",""5448""]",12
0xae3274598328d16f,"[""4987""]",1
0x8339ada95ce9391b,"[""4988""]",1
0xcf8ded409faee56f,"[""4990""]",1
0x01edb27d6d8edd22,"[""4992""]",1
0xb7cfb25f2d54e2fb,"[""4993"",""5015"",""5080"",""6036"",""6037"",""6048""]",6
0xaa7bfad033a18b2f,"[""4996"",""5017""]",2
0x200d2f84b68ff59d,"[""4998""]",1
0x61f29ca42c263b93,"[""4999""]",1
0x93df843aa8ffda80,"[""5002""]",1
0x3f2a0cb3ccfc5b2c,"[""5008"",""5042""]",2
0x9aef46233c7a6d87,"[""5012""]",1
0xe55a3596bdcab621,"[""5024"",""5078"",""5143"",""5156"",""5771"",""5924""]",6
0x64222cd5d597d23b,"[""5025""]",1
0xcfb997e057f2e168,"[""5026""]",1
0x2563cb9aa9a45151,"[""5028""]",1
0x142e2167e538907d,"[""5031""]",1
0x9fe973c72d7202f2,"[""5032""]",1
0x1be33d0d86aa9dd5,"[""5034""]",1
0xe1e996ffa2d172ac,"[""5035"",""5043"",""5056""]",3
0xef291bf28609f0bc,"[""5039""]",1
0xcf8cdc85058ce309,"[""5045""]",1
0x4f5f6b8e569771d1,"[""5047"",""5076"",""5128""]",3
0xbeb03fa8992d1831,"[""5049""]",1
0x5078a6ae81a7f218,"[""5052""]",1
0xfa9a7812d7009f5f,"[""5054""]",1
0xb73f8bb808af2e46,"[""5055""]",1
0x719cb2338fbb1d64,"[""5059"",""5081""]",2
0x170b7467684563a2,"[""5060"",""5174""]",2
0x3d15b759fa1c2eee,"[""5061""]",1
0xab334654e557b654,"[""5062"",""5068""]",2
0xab334654e557b654,"[""5063""]",1
0x7ebfbc27de409cc3,"[""5064""]",1
0x61ac179b82724500,"[""5066""]",1
0xfbaa5eddc8b78c6c,"[""5070"",""5085""]",2
0x84e3a7178ccc7a0b,"[""5072"",""5254"",""5261"",""5682""]",4
0x7b07454ee4c0e92e,"[""5069""]",1
0xdd30c9c818d47a49,"[""5073""]",1
0xa9600f1664d72d97,"[""5074""]",1
0x272cb4909748cd0f,"[""5084""]",1
0xc827d704821d95cb,"[""5083""]",1
0xa8ff852d657130fb,"[""5088"",""5163"",""5350""]",3
0x6f9d86d8fdbde883,"[""5089""]",1
0x2336f27a0a204e53,"[""5092"",""5116""]",2
0x0e709f0d0c48ed02,"[""5094""]",1
0x648ddef2393a33cd,"[""5095"",""5630"",""5925"",""5926""]",4
0xd8324e326ceb5a5a,"[""5098""]",1
0xd8324e326ceb5a5a,"[""5100""]",1
0xc69110aee08b5e01,"[""5101""]",1
0x70bddca337788fbd,"[""5104""]",1
0xaaf22206534b655d,"[""5107""]",1
0x78862f8d139f2b34,"[""5111""]",1
0x31b78c5c438ad367,"[""5114""]",1
0xd7d768ba4360f916,"[""5118"",""5161""]",2
0x84ebf0ed079f5707,"[""5123""]",1
0x28eebbf80fead226,"[""5125""]",1
0x4e0566d353d8fe2e,"[""5132""]",1
0x0d6a5cc15c6d62e6,"[""5136"",""5142"",""5328"",""5934""]",4
0xbf11795211700a14,"[""5141"",""5149"",""5271"",""5322"",""5516"",""5519"",""5523"",""5526"",""5528"",""5531"",""5532"",""5590"",""5594"",""5596"",""5598"",""5606"",""5608"",""5610"",""5719"",""5804""]",20
0xbf11795211700a14,"[""5145""]",1
0xfca6d858e14d7483,"[""5148""]",1
0xfca6d858e14d7483,"[""5154""]",1
0x1a908c7c97505743,"[""5153""]",1
0xc93e8bd6b6b17bc4,"[""5157""]",1
0xc93e8bd6b6b17bc4,"[""5159""]",1
0x767f9a7d91205b31,"[""5164""]",1
0x9e63024358615775,"[""5166"",""5176"",""5180"",""5182""]",4
0xb14d7acfd0d8e3dc,"[""5168"",""5249"",""5252""]",3
0x216c78aecc6e88fe,"[""5175"",""5206""]",2
0x28af2b659af86c06,"[""5177"",""5205""]",2
0xf7f90e9dfc91a295,"[""5179""]",1
0x4b2f32135bcc729b,"[""5178"",""5248"",""5255"",""6064""]",4
0xa26f980d308915d0,"[""5183""]",1
0x3fe527b9e16b35a1,"[""5186""]",1
0x3563a812de6987b6,"[""5195""]",1
0x9028fb8c06dcef74,"[""5197"",""5219""]",2
0x34ee74b6eb2beffe,"[""5198"",""5210"",""5227"",""5304""]",4
0x4f31fd6248c1e1fe,"[""5200""]",1
0x30d4cef73605526e,"[""5202"",""5222"",""5236"",""5244"",""5258"",""5262"",""5273"",""5291"",""5297"",""5303"",""5306"",""5323""]",12
0x6249eadee852f190,"[""5203"",""5217"",""6197""]",3
0xafa0c4545b8b8577,"[""5207"",""5339"",""5576""]",3
0x7f3a1ea1444acacd,"[""5209""]",1
0x7c91e55b78f25d6a,"[""5212"",""5223"",""5228"",""5232""]",4
0x65b8e304148a3e02,"[""5230""]",1
0xe4031310172857ad,"[""5233"",""5263""]",2
0x215ee77edf898e51,"[""5234"",""5321"",""5499""]",3
0x215ee77edf898e51,"[""5235""]",1
0x9684f0b22fac1c12,"[""5238"",""5264""]",2
0x724652fb8c6e4841,"[""5241"",""5257"",""5275""]",3
0xf6f0665a25103937,"[""5239"",""5243""]",2
0x977c0f7a199735ad,"[""5242""]",1
0x315d39ae46ec7321,"[""5246"",""5259"",""5267"",""5276"",""5293""]",5
0x092f0ae7992d7b34,"[""5251""]",1
0x0f46951ccd0bd0b3,"[""5253""]",1
0xd695d29b8bce0df2,"[""5265""]",1
0x99c622abaf840872,"[""5268"",""5279""]",2
0x5efca007026ad0d4,"[""5274""]",1
0xf7a12c5cb48b7d12,"[""5278"",""5288""]",2
0x9753fa219140394a,"[""5281""]",1
0xf587521ed2bc426e,"[""5280""]",1
0x97d45183039d6ff3,"[""5283"",""5290"",""5299""]",3
0x55d58c5e5d7f5a33,"[""5284""]",1
0xf7a12c5cb48b7d12,"[""5285""]",1
0x7d812aad753b13ba,"[""5287"",""5296"",""5320"",""5366"",""5417""]",5
0xfe7d84bca377b1c3,"[""5294""]",1
0xd0aedef0105c8a7c,"[""5292""]",1
0xc6e3ab06c4e66f7e,"[""5295"",""5300""]",2
0x97dbaba693e7a8ca,"[""5298""]",1
0xbb8936b63923e904,"[""5301""]",1
0xf33c8d9a86cb0b4b,"[""5302"",""5310""]",2
0x97dbaba693e7a8ca,"[""5305""]",1
0xb3589f83031746d4,"[""5309""]",1
0x21459baf9c91a459,"[""5307""]",1
0x21459baf9c91a459,"[""5311""]",1
0x1afbfa2c447a97c7,"[""5313""]",1
0xd0b188ddfb61b8ee,"[""5316""]",1
0xe4a9d2d70017ea70,"[""5319""]",1
0x1370075814cc777b,"[""5324""]",1
0x792b7e47c0c3fff4,"[""5325""]",1
0x4aed17ac3a0a3c92,"[""5329"",""5496""]",2
0x0c47d17b7a35ecf2,"[""5331"",""5373"",""5376"",""5566"",""5567"",""5569"",""5570"",""5571"",""5573"",""5574"",""5575"",""5701""]",12
0x3efc41efd31bd56c,"[""5332"",""5341""]",2
0x6de40171a8e898c9,"[""5336"",""5678""]",2
0x0c47d17b7a35ecf2,"[""5335""]",1
0x90363e02bc0d82be,"[""5338""]",1
0x90363e02bc0d82be,"[""5337""]",1
0x999cb7727846a55b,"[""5340""]",1
0xd5ad534a1513f356,"[""5343"",""5551"",""5559""]",3
0xd059b1b28a8d3559,"[""5344"",""5955""]",2
0xb438a1118bff5adb,"[""5345""]",1
0xb8557f80dcb81d35,"[""5348""]",1
0xb8557f80dcb81d35,"[""5347""]",1
0xdaa605258c6e43d9,"[""5353""]",1
0x5683df421ce9fbbb,"[""5354""]",1
0x20ec702b8d6a84ba,"[""5356""]",1
0xd921be8c7139484b,"[""5360"",""5363""]",2
0xd921be8c7139484b,"[""5361""]",1
0x2f85c23113d605f3,"[""5362"",""5380""]",2
0x06529c6f1f3d4e72,"[""5365"",""5374"",""5377"",""5382"",""5383"",""5386"",""5390"",""5394""]",8
0x06529c6f1f3d4e72,"[""5364""]",1
0x982289b2a24cb99c,"[""5367""]",1
0xd9344533058c00a0,"[""5368"",""6050""]",2
0x0d46a336a3e47f87,"[""5371""]",1
0xdf4809aeec8aa11b,"[""5370"",""5378""]",2
0x2cf2cdf00f2821f5,"[""5375""]",1
0x018eb2a0ed044f5f,"[""5385""]",1
0xf1e101ea780f81e4,"[""5388""]",1
0x55913d81a7ce23d7,"[""5389""]",1
0x863f56d38ea78284,"[""5391""]",1
0xb1b78cdcb54c1d2e,"[""5393"",""5400"",""5404"",""5413"",""5416""]",5
0x896eec0f9aa871d9,"[""5396"",""5401"",""5403""]",3
0x415c8bf5cc84207f,"[""5408""]",1
0x8ae4f48cc51ee2a4,"[""5410""]",1
0x1e1ff6550ede60ed,"[""5412""]",1
0xbc649868a6e34bd5,"[""5418""]",1
0xe2ae64647401508c,"[""5420"",""5426"",""6091""]",3
0x9c44da4608ff7a16,"[""5422""]",1
0x2b29759a56124248,"[""5423""]",1
0x829c5e7d778a9c98,"[""5424""]",1
0x53796977d94c842d,"[""5427""]",1
0x6dc3e8910be835a4,"[""5429""]",1
0x30e906041fcf8943,"[""5428""]",1
0xa29bab9fd3523865,"[""5430""]",1
0x160a062ab194f0d7,"[""5431""]",1
0xdb03a6bc82decc11,"[""5435"",""5472"",""5501"",""5514"",""5540"",""5967"",""6020"",""6067"",""6124"",""6164""]",10
0xc73591ae56deca27,"[""5437"",""5438"",""5440""]",3
0x9ff9a83bdbeadc40,"[""5439""]",1
0xd90f1fbb215a25c6,"[""5443""]",1
0x1b6665964ab276c1,"[""5442""]",1
0x83c0c66bb9d015ec,"[""5441""]",1
0x3bfff62e8bf0757e,"[""5445""]",1
0xcb09cd0f3c24168b,"[""5451"",""5458"",""5462"",""5613"",""5614"",""5615"",""5711"",""5714""]",8
0xb8f937cf18b42f94,"[""5459"",""5465"",""5467"",""5505"",""5510"",""5515"",""5520"",""5525""]",8
0x95f0d367018e795d,"[""5469""]",1
0xbdc3f47ddbcdde2f,"[""5470"",""5753""]",2
0x64cbec2f8de0f3a7,"[""5473"",""5476"",""5479""]",3
0x618910808a1f8daa,"[""5474"",""5950""]",2
0x89a1b0f13ae0344d,"[""5482"",""5488"",""5492""]",3
0xdd5364ec69712575,"[""5490"",""5494"",""5507""]",3
0xa6ce2f14aa9415dd,"[""5502"",""5506"",""5787""]",3
0x404f0d41ea7f9f10,"[""5509"",""5517""]",2
0x9a04c3ea15c84dc0,"[""5512""]",1
0xbeabe01efc753a9a,"[""5513""]",1
0x7f7a261a6be674ea,"[""5534"",""5537"",""5538"",""5543"",""5545"",""5548"",""5549"",""5554"",""5557"",""5561"",""5562"",""5564"",""5650"",""5652"",""5659"",""5660"",""5662"",""5665"",""5666"",""5669""]",20
0xd444cc044dc919d4,"[""5541""]",1
0xd76178730c6e84f6,"[""5572""]",1
0x5cb9056b2ed11dea,"[""5579"",""5638""]",2
0x92ca4567c509e983,"[""5592""]",1
0x290c85aac9376543,"[""5605"",""5607"",""5609"",""5612""]",4
0xb2e6a143d91d5a13,"[""5616"",""5620""]",2
0xfef5ee4111faa8e6,"[""5627""]",1
0x333c44f40e238a51,"[""5635"",""5640""]",2
0xea805810ae98a034,"[""5637""]",1
0x972877fb818f0914,"[""5655""]",1
0x0b332af37dd3fdf5,"[""5658""]",1
0x60d737de7c0dcd35,"[""5664""]",1
0xfcd4ad6e06669116,"[""5663""]",1
0xa4bf302701221a16,"[""5668""]",1
0x5615ef1c44d6f792,"[""5671""]",1
0xb05b9148ff0def31,"[""5672""]",1
0x4ba14f4a879fcd99,"[""5674""]",1
0x4ba14f4a879fcd99,"[""5675""]",1
0xb3465af2e2befce4,"[""5681""]",1
0x9294b85250743a6e,"[""5683""]",1
0x9554d01156f7ef07,"[""5684"",""5686"",""5935""]",3
0xbcf634c079f9e310,"[""5689""]",1
0x1948ad596b0c0a4c,"[""5688"",""5692"",""5697""]",3
0x3f34c9c22d55e11c,"[""5690""]",1
0xcd193fb45fb7fa8d,"[""5695""]",1
0xfbb16f835bd45445,"[""5694"",""5713"",""6151""]",3
0x59659851d1c5eb9f,"[""5696"",""5699""]",2
0x59659851d1c5eb9f,"[""5698""]",1
0x8544531f67886ff7,"[""5716""]",1
0xe4b659c751d3c67a,"[""5720"",""5721"",""5723"",""5726""]",4
0xb1340c7c3942d56a,"[""5722"",""5760""]",2
0x218ab0a5b106cad4,"[""5724"",""5730"",""5741"",""5905""]",4
0x218ab0a5b106cad4,"[""5725""]",1
0xdf51f91d80607118,"[""5727"",""5731"",""5733"",""5735"",""5737"",""5738""]",6
0xdf51f91d80607118,"[""5728""]",1
0xc89ac4b798daecf2,"[""5740""]",1
0x886eaf7882233330,"[""5742"",""5743"",""5745""]",3
0xd64d605b505dfce7,"[""5755"",""5757"",""5758""]",3
0x02a00d020582ba1b,"[""5761""]",1
0xe8421aaf76734ff5,"[""5763""]",1
0x6c9eb2685c03985e,"[""5766"",""5767""]",2
0x00d4c908881aba24,"[""5772""]",1
0xa6c0476cddf40bdb,"[""5773"",""5774"",""5929""]",3
0xb20786780ebe43a8,"[""5775"",""5777"",""6014"",""6079""]",4
0xb32a746602a95de0,"[""5776"",""5778"",""5779""]",3
0x53c6cbed77d426e7,"[""5781"",""5782""]",2
0x00eac4c8f846f5f8,"[""5783"",""5788"",""5973"",""6065"",""6066""]",5
0x7823639b19057ac9,"[""5784"",""5786"",""5789"",""5790"",""5791"",""5892""]",6
0x1327ffcaf9d141ad,"[""5785"",""5952"",""5953""]",3
0xc60bea0202345daf,"[""5792"",""5793"",""5796"",""5798"",""5813"",""5815"",""6060""]",7
0xdd02f580760ba3bf,"[""5799"",""5800""]",2
0x643f2aa6462f55a7,"[""5801"",""5802"",""5821""]",3
0x88ddb6d530631c39,"[""5818""]",1
0x54b4ac80aa410c49,"[""5825"",""5826""]",2
0x34d8fb1e5635ff09,"[""5832""]",1
0xe71e40b79cf1c47e,"[""5833""]",1
0x21be46740bfeab9d,"[""5837"",""5841"",""5844"",""5846"",""5847"",""5848"",""5902"",""5904"",""5937"",""6192""]",10
0x3c156dcdc20b6a66,"[""5838""]",1
0xbacbfa9dcaa4b09e,"[""5843"",""5879""]",2
0x8378845e876278c8,"[""5857"",""5863"",""5866"",""5872"",""5874"",""5877""]",6
0x1e32e5a58af4b288,"[""5878""]",1
0xf8d1c3f3ec8a36e3,"[""5880"",""5881"",""5886""]",3
0xd0145c293ce9beef,"[""5882"",""5883"",""5887"",""5888"",""5911"",""5912""]",6
0x4ccee134bc023226,"[""5884""]",1
0x56b6d10762046744,"[""5889"",""5890"",""5891""]",3
0x0056e92142421ed8,"[""5893""]",1
0x10e805351913e564,"[""5913"",""5914"",""5915"",""5917""]",4
0x66a3f92b584933a5,"[""5916""]",1
0x9b278280ffc1fa4b,"[""5921""]",1
0xcbaa8a811b3ebf5c,"[""5922""]",1
0x7d5272cfcb53e434,"[""5927"",""5928"",""5930"",""5931"",""5932"",""5933"",""5938"",""5940"",""5941"",""5943"",""5945""]",11
0xb9c5f41bb21f8937,"[""5936""]",1
0x1602f349aa71531f,"[""5942""]",1
0x8d5eb6ac530d93eb,"[""5944""]",1
0x01654e039e0681e3,"[""5946"",""5947""]",2
0x69f0b96003e54077,"[""5949""]",1
0x25696608362c2b28,"[""5951""]",1
0xf027d5a5209260b2,"[""5956"",""5957""]",2
0xace2b5eb293639ad,"[""5965"",""5971"",""6006"",""6008""]",4
0xace2b5eb293639ad,"[""5966""]",1
0x7c82980cbeedd978,"[""5968"",""5969""]",2
0x36609ca27fd7f76b,"[""5972"",""5974"",""5975"",""5976"",""5981"",""5983"",""5989"",""5990"",""6003""]",9
0xe8c512959996c615,"[""5977"",""5979"",""5980"",""5984"",""5988"",""5992""]",6
0x72e33e9bb38937d4,"[""6004""]",1
0xa4824fdfea662cd0,"[""6009""]",1
0x225b75afa298cbe7,"[""6010""]",1
0xdc34ec32cef7547c,"[""6011""]",1
0x100661411053c415,"[""6013"",""6016""]",2
0x8ec5321c5b28753c,"[""6015""]",1
0x397bfed80b873249,"[""6017""]",1
0x79ef58a96ff25042,"[""6018"",""6103""]",2
0x152da62249ab17f8,"[""6022""]",1
0x6242999fad35f16a,"[""6023"",""6025"",""6026"",""6028""]",4
0x07d716304ca25aab,"[""6024""]",1
0xec46ee3fdc158a7a,"[""6027"",""6029""]",2
0x39259c3f95e14e98,"[""6031"",""6033"",""6034""]",3
0x01be23022fa2c4ad,"[""6030""]",1
0x544922de92ed6aa9,"[""6032""]",1
0xec01d83cced0d6cb,"[""6035""]",1
0xbb77a628921f7b2a,"[""6038"",""6041"",""6043"",""6051"",""6074""]",5
0x81cefd6fb9b11428,"[""6039"",""6150""]",2
0x28cb89f83bba8031,"[""6040"",""6042""]",2
0xa6991678e556b464,"[""6045""]",1
0x58d82e2d82229188,"[""6049""]",1
0x58d82e2d82229188,"[""6052""]",1
0x4d3f09f96668654d,"[""6053""]",1
0xa30bee6525cbaf77,"[""6055""]",1
0xd9a249272b907cec,"[""6056"",""6058""]",2
0x9d830b29408b81fc,"[""6057"",""6143"",""6144""]",3
0x5b5490cf013b379e,"[""6059"",""6093"",""6203""]",3
0x48f213fc4bb8405f,"[""6061""]",1
0xe0f1588f2a1f9266,"[""6062"",""6111""]",2
0x1d5fa911c327a8f8,"[""6069"",""6073""]",2
0x706a5a27e4afba81,"[""6075"",""6107""]",2
0xbf9bb8742403e868,"[""6086""]",1
0x72e3ea081816146e,"[""6090""]",1
0x7df9b8b61bea86b7,"[""6104""]",1
0x99e6938f3fb9c49f,"[""6132"",""6137"",""6139"",""6142""]",4
0x7ddc51babec46365,"[""6147""]",1
0xa666634f24afd46c,"[""6152""]",1
0x1fc98073a1136608,"[""6154"",""6155"",""6156""]",3
0xd82d1e2eac51c195,"[""6157"",""6167""]",2
0xd82d1e2eac51c195,"[""6158""]",1
0xefe0ad1c9c63f405,"[""6161"",""6187""]",2
0x4b87dd2ff3b7bb89,"[""6160""]",1
0x49571d63ef5fd52c,"[""6162""]",1
0x192ff172788a2dd5,"[""6163""]",1
0xfca360f9ae72b526,"[""6165"",""6166"",""6168"",""6170""]",4
0x9db5847ea6ed46f1,"[""6171"",""6173"",""6190""]",3
0x9db5847ea6ed46f1,"[""6172""]",1
0x326d016da5595a0b,"[""6177"",""6189"",""6191"",""6193""]",4
0x4d43a57244520d92,"[""6194""]",1
0x33ae14e9e84b9403,"[""6195"",""6196""]",2
0x152d0bdbb884dab9,"[""6198""]",1
0x6dd9128e105cf421,"[""6199""]",1
0xc4518f3fdfcf301d,"[""6200""]",1
0x2ff245e6f6c8fcd8,"[""6201""]",1
0xbc9765426c7895fe,"[""6202""]",1
0x6cc2c33fe68cb1b8,"[""6204"",""6210"",""6212""]",3
0xbd3e7372a97f5217,"[""6217"",""6218""]",2
0x58be63b53efb9e1f,"[""6219""]",1